**ORDER OF USERS IN THIS WHITELIST DOES NOT REPRESENT A RANKING, IT'S RANDOM**

roboczar
jm2342
Chokeman
CrustyRat
itsakvlt
Ribilla_
starknet_intern
WikiSummarizerBot
thoushaltnotFOMO
tranmear
pegcity
UnitedGwei
oblomov1
aavegotme
Vandelay101
oxyeth
Doje_a_vu
cryptrd285
Setnof
LeftSideStrongSide11
hamberdler
nothingnotnever
leraq
SirRayShio
vuduchyld
Bananaramatron
Known-Ad-981
PlaylikeyoureGod
flushy85
bbroad25
memeloper
squaredk2
tallmansteez
NeedlerOP
vvpan
Meyamu
mr_cheese_curds
skythe4
Gr3mlins
Newone1255
ScribbleButter
puffyboots
bob_newhart
getupforwhat
InsideTheSimulation
princeofpriam
eztfive
HW-BTW
NinjaDK
ironmagnesiumzinc
smilinfool
Kukai_walker
supermarkit
RompusRhino
etherenum
wanderingcryptowolf
AP33RS
USERNAME_ERROR
viners
sosayethweall
NightshadeEmoji
Brent_the_Adventurer
ZephyrFlash12
Zarlon
futurebound
groundupto
masssy
mild-blue-yonder
sp3xl
FuriousGman
BoGGy5m4ll5
Bullet_King1996
hereimalive
ethmaxitard
bbqcaramelbrulee
samus3015
DearieDearieMe
ShowbiZZa
neenerman
ajmonkfish
wereldatlas
BroncoMontana78
oldskool47
MissionChipmunk6
maverickRD
stevieraykatz
Sku
defijie
Itchy_Ad_3659
o-_l_-o
pooperdooper
trembletimbers
pikag
Wootnasty
Shitshotdead
conurbano_
madcheddar
Federal_Pirate
proof-of-lake
StatSticks
LLupine
Damien_Targaryen
PerfectSuggestion428
FernadoPoo
manorminor
Whovillage
Silver5005
ipodmaster8
wavingnotes
illram
Shtafoo
reuptaken
YourKeysYourCrypto
nbadog
i-love-the-pink-one
exploreddit
DiNovi
Blueberry314E-2
Ecnot
StrongInferencee
adosti
Untouchable2k20
AkumariperNF
doorstopwood
FizziBublech
Revanchist1
agbronco
MorganZero
ProductDude
aur3l1us
lb-sntp
AlwaysNumberTwo
Not_really_moot
fogdomtoylandA3
Peng_Fei
OvermanKG
hello_again_world
waterchiller
Glittering-Duty-4069
ProjectEqual
ausgear1
ilkali
alexbananas
Ethcuecomber
Jasquirtin
MartyNorthStar
SpontaneousDream
richardsaganIII
InelukiStormKing
waqwaqattack
blocksandpixels
jaskidd05
heyheeyheeey
kickandchase
rickshawJOJO
laugrig
ModeratelyTortoise
Savage_X
CosmicCollusion
WilliamMRees
geoffbezos
Rhader
voxalas
BestFill
WilhelmTell3675
looselaugh
podshambles_
throw353964246away
horolome
MusaTheRedGuard
charitablechair
UgotTrisomy21
inspiredcrypto
CrazyOptics
benido2030
LiveLaughHodl
-lightfoot
HITMAN616
haddocks_eyes
seanathanWaters
consideritwon
CarltonFrater
gou-ranga
midgetforce2k
Jin366
DaserDog
ljeezy187
SpectacledHero
Tomr750
Zestyclose-Rich-6999
DefiantGeologist9050
ivvf
ethereumn
ShadowKing94
krism142
GoldenReliever451
niktak11
bosticetudis
the-A-word
mikeyk55
Mirved
I_LOVE_MOM
fleegman
ICSigns
MaskedMan24
smashndashn
WILL_DANCE_FOR_COINS
RootPhish
heavyweight0
dybsy
clark_now
CantBelieveIGotThis
Richadg
diego-d
Kallukoras
Ecsta
juxtaposezen
reno007
Hocilef
LavoP
YourBurningPizza
MerkleChainsaw
Ruin369
DirectedAcyclicGraph
philosophizer11
Comfortable_Novel_49
ModernBuddahh
Caturday_Yet
Hawkbit
Photon120
Sargos
tokenizedhuman
squarov
ComradePotato
TheProdigalBootycall
BakedEnt
BigglyBillBrasky
BruceLeeFerando
ambidextrous12
Washedupdiamond
RobertLobLaw2
twoinvenice
Jacobiangod
dudegoingtoshambhala
enterandexit
Fheredin
Waste_Statement_6404
Some-Communication-3
wizad23
ArcadesOfAntiquity
TheLeccy
obscuremoonlight
GumBeat007
nikola_j
malacath10
somedaysitsdark
ILoveCatNipples
niceweathertoday_eh
marinepenguinreborn
Respond_Western
bramleyapple1
tjvick
Aggravating-Ear6289
slow-motion-disaster
newdaynewaccount4u
QueefSneezeLouise
CoCleric
spupul6
scheistermeister
the_swingman
TaxExempt
Sfdao91
imicit
douv
newtosh
elixir_knight
gand_ji
Letmetellyouhowifeel
dose_of_placebo
donutguru21
JarvoSiv
FlamesRiseHigher
pseudotheos
cryptOwOcurrency
wegotsumnewbands
dogwheat
Brassica7
flygoing
ImaginaryGreyhound
masterRoshi9
cryptouk
SweatyNips
TheHansGruber
prais3thesun
Mister_Eth
WarmThrottle
HiPattern
dirtyUndiesTheWhites
Chucklewhite
unthinkablecryto
byukid_
LevitateJay
c0smic_0wl
___this_guy
Snoo-34529
mellowmango1
eviljordan
Smegma_Farmer
eminiplayer
sheerstress
cryptojimmy8
chris_dea
Tsokos
eatlovemerry
xtokenchad
Jesusthegoat
labrav
brananphan
I_haven-t_reddit
RG87
Survivaleast
Lgnanofr
Spacesider
vman411gamer
girlamongstsharks
sgad89
Piergianni
SAnthonyH
ETHEREVM
TheMoondanceKid
XLinfusion
Guts_And_Black_Stuff
numuhukumakiakiaia
ghostzinger
LogrisTheBard
bagogel12
dylanwadefilm
ETHDeFiance
Mikemx123
dashby1
halzen627
pa7x1
pfloyd2357
77luke77
howdeepisyourhouse
Phonethic
BigFoxBoxing
lechuga2010
CellWithoutCulture
pr0nh0li0
interweaver
CodeineAndMilk
zutrasimlo
TheTidalik
Substantial_Hurry_25
mintycrypto
krokodilmannchen
Pinealforest
cemalpersimsek
tornato7
atlantarunning
highqi
tenzor7
Haunting_Figure9493
CandleThief724
breeezyyyy
BasedBrit35
RemindMeBot
OneSmallStepForLambo
baladabest
jbgt
Invisible_Symbol
kainzilla
RLMinMaxer
cometothecaml
durkasdelight
mattnumber
alexiskef
blewoutmyshorts
Moschus11
0x2galaxy10
Imelia29
dudeeggs
path2light17
mcmatt05
mveeq
Shortstack02
ryebit
ltwln
effbei
originalbaconslab
PandemoniumX101
AllEyes0nMe
italianjob16
xupriests
Plenix
Venturegoose2
JimJimmyJim-the-1st
forbothofus
CanWeTalkEth
Gravy_Vampire
boodle_noodle
LeadingBrick9186
243576809
aaqy
Pappy87
SingularityOfOne
stalin_9000
Puzzled_Badger
NotImplementedType
big_theif_tiny_prize
windstrom
c0mm0ns3ns3
lurkerforlunch
doyourduty
crypto_boi
KingKoopa7574
EthereuMoon
PhiMarHal
spidarmen
Xitir
zoopzo
ThatGuyThatGuyThagay
keynya
pnwEther66
earthquakequestion
Infinite-Breath8917
TeamRedundancyTeam
lobsterspider
elliottmatt
btoast777
Il_Conte_
2thajovianmoonz
grandpasipad
atleft
AstronautThis
namtaru_x
replykindly
nothingtooserious
917redditor
physics_juanma
mgr37
koottravel
RandomZileanMain
vulpinefun
ZebraDice
Myzamau
kairepaire
JeffBezosNewWife
BigOldWeapon
Ieperen
Newman513
Kedos25
Dudermeister
jrray
phigo50
joecobbs
toxic_badgers
fuckschickens
cptnobvs3
TheBowlofBeans
MidnightLedger
Toothache0
CPAyyyy
DelusionsOfEther
seblt
moonshots-droptops
Vacremon2
JackFreeman_
Fuzzman99
Pasttuesday
partyman2012theend
Capycorp
Karyo_Ten
NuadhaArgetlam
tictoc-tictoc
TrayleSan
MitchelGoosen
babyjesusftw1
GetYourAssToPluto
StrongLLC
Maeby_a_Bluth
TheSpangledDrongo
hashdabs1
Chapo_Rouge
juxtanotherposition
sammyhats
Bag_Holding_Infidel
PooeyGusset
brecht_
Helpme-jkimdumb
KingLeo23
dotslaxx
mmhindeed
Beebus4Deebus
lizard-overlord
tcrab
ekapadabak
lops21
Papazio
behind245
GoldMacaroon873
danseidansei
make_me_think
Jan1919
kwadrax
HealthandWealth365
Rauzzin
Gravelsack
gwenvador
Looney_L_Lovegood
Dinny14
JayPeaEm
Sparta89
PlaidStallion
MrQot
Birds_canfly
ev1501
schniiiib
sc0ffey
KBrot
CaliBelgique
Canadiens1993
lawfultots
concernedcustomer33
Free__Will
miaviv
nyc_gHost
goodadvicekid
ch3white10
Dog_The_Explorer
WildRacoons
covidparis
throwaway6913579
JCmollyrock420
pinch82
cur5
xXshamelessXx
jacoblongesq
usswsbregrets
cash
asdafari
token_internet_girl
Stalslagga
defewit
llamachef
DC-COVID-TRASH
palegirlshnnng
Several-Listen7915
StockGuy12347
accountaccumulator
sharkhuh
smidge
TalesFromDaCrypto
ab111292
weinercousin
ChazSchmidt
CyberSec45
SexyBorisJohnson
thebruce44
superphiz
PermanenteThrowaway
MoneyPrinterGoBrbrrr
mikron2
happychillmoremusic
Mkkoll
AimHighTimeFlies
deukey
proto-n
KamikazeSexPilot
Vivalasol
SuspiciousConcern
crossoveranx
Mindless_-_Data
PerpetualCamel
bohbot
csasker
Chromes
fast11
feel-the-pump
Dem0Populi5t
tutamtumikia
etherbie
stripedgraywallpaper
AccomplishedBasil9
barthib
ArcticPudel
bryanwag
zeroproof-
uwdepression
the_statustician
Artansia
thoughts4food
YoYoMeh
sargontheforgotten
iCan20
mylhowse
pcpgivesmewings
SimonLimonSmith
SinnU2s
HeihachiNakamoto
SwagtimusPrime
truesoul42
cryptobuddy_1712
flangarky
BadSocialU
finalgambit95
ethrevolution
brokoli
zestykite
Vandal36
Pkickel92
BalooFinancial
LittleBigDonDon
18boro
Confucius_said
Ber10
totesgod
Nealios
EthFan
jamelza11
UsernameIWontRegret
fiah84
anor_wondo
JulWaech
goldayce
Naelex
readreed
agajdgajdb
Teufelskreis8
box_of_hornets
MrVodnik
swissthoemu
mongo_pawn_in_life
Mayneminu
bkcmart
vecastc
idratherstand
Crispyshores
travist85
maotsetunginmyass
ennui85
jbroja
reterical
LamboshiNakaghini
Conurtrol
InfiniteOnionz
Rapante
Heringsalat100
th3flippening
Yeopaa
Bigwiseguy55
IlIIIlIlII
sn0w_l30pard
quadraticsharting
mudandslim
not-ngmi
ethhodlr
magicalcommunity
seedlet78
kb7fo82
HauntedJockStrap88
dualmindblade
doglife10000
TheUndeadAbyss
ProfStrangelove
Crypolyf
stoopslife
PresentCompanyExcl
ali-dabool
hgfyuhbb
throwawayrandomvowel
Fit-Reception8575
clamchoda
GeorgeForemanGreel
ippogrifomisturbo
P0rcoR0sso
LCFCKris
AllMightLove
Mr_Garrison_420_69
MetalSun6
DarkETH420
DrXL7
johnbmaclemore
relativelyftl
hehechibby
ethordie
ethfinance
dondochaka
lpsupercell25
XXAligatorXx
shiba_son_of_doge
archimond12308
theubiquitousbubble
hakuna_m4t4t4
Dizzy_Activity
thepaypay
R4intra-
SuvorovNapoleon
NotNotAnonAnon
TheHighFlyer
rmko91
Free_movie_judas
theezeroproof
torfbolt
holdmyomg
sorangutan
drkegels
Takav733
MerkleTreeHugger
Etherealeth
drogean3
RockItGuyDC
InfiniteMilieu
aSchizophrenicCat
Not_Selling_Eth
Megroovin
thebestboner
boringfilmmaker
szchz
pocketwailord
easy_like_sunday
franzperdido
cutsnek
OffMyPorch
eid_ma_clack_shaw
PinkPuppyBall
CaterpillarKitchen67
lulek
zigyi
thanksbrother
dpxlumpi
d1ez3
busterrulezzz
Nayge
haikusbot
420ETHer
I_AM_AN_AEROPLANE
DangerIsMyUsername
SimonDS2
stakeshack
Diligent-Mouse3679
noirly84
MJDog44
vedran_
jcbevns
scientic
Exitshuffler
pulisordie
Mondolez
oglop121
15kisFUD
Middle-Athlete
GoTheFckBack
cosmic-comedy
gnomeridian
Vinegar_Strokes__
sm3gh34d
Vegetable-Agent-6491
sn00fy
Inoffensive_Account
Jey_s_TeArS
narnoo
Russianbot123234
Overcl9ck
import-antigravity
sneakpeekbot
dsturbnl
RestStopRumble
macktastick
Bob-Rossi
Nooku
SeekingHentai
kplo
Childsp
believeinapathy
Artless_Dodger
ArcadeStick
ABoutDeSouffle
Ethical-trade
Splinunz
dvdglch
troyboltonislife
maxstandard
Lanztar
Rapidlysequencing
danylostefan
VegetableInevitable
hot_lava_poured_in
Shadoninja
mrcarner
saltyfinish
tech_consultant
savage-dragon
ethDreamer
Steewrit
goatwasher
dadaver76
crumbumcrumbum
gulmorgg
MinimalGravitas
Laughing-Mime
Nervous_Yak_2538
imaybeslow
Sal_T_Nuts
headwar
nagus
ThinkinofaMasterPlan
Cow_Tipping_Olympian
AudaciousAsh
hepcryp
jnbhj
FlappySocks
YllFigureItOut
OMG_WTF_ATH
KRE1ON
zk_snacks
rayzhueth
bugfrag3
miesz-ko
hashtagfuzzmaster
MongooseNo4122
Battlepine
epiphany153
TazMazter
SpaceOddity0212
Available-Garbage926
decibels42
sbdw0c
ianazch
Epicgoblet
Burbank309
Wurstgewitter
KuDeTa
pistachiosarenuts
Main_Independence394
Wumplin
Whoopziedaisy
Maxahoy
ballsonyah
Lowlifeform
Eth_head_0
davethetrousers
SuddenMind
dim-pap
towerjac
NefariousNaz
maninthecryptosuit
Throwawayaskreddi
hlpe
ceueal
slashedback
MASNPalmer
esoa
pooh9911
bitzgi
alibyte
TheCuriousMan
Tenobrus
pta666
braden87
Fast_Contract
Luukiemans
Bushmage
flYdeon
JustMyTwoSatoshis
smashingkivi
CryptoMonger
BuyETHorDAI
crap___shoot
TruthAndPrestige
syzygy00778
inomshokumotsu
thenamelessone7
Smart-Ocelot-5759
jumnhy
joshg8
TheOnlyHodlerInCuau
akarub
LiterallyTrolling
itchykittehs
Remolten11
Maswasnos
Fuego710
Zeus_Eth
naturalglide
iDontLikeApple
sayno2mids
Meat_Influencer
breadAndButerin
ridgerunners
projectegod
JustinbEther
skandalouslsu
Dr_Lambo_McMoontard
geppetto123
CozImDirty
ProstMelone
FuckmyFate
kdD93hFlj
shitcoinking
falkerr
danarchist
educatemybrain
youvebeenliedto
chillestchill
lucadonnoh
mistrustless
JBudz
Iknowyougotsole
Lawsonm9
_Zetko_
snowmace
when_is_now
Distinct-Gene-5017
wizardofhex
stablecoin
im_THIS_guy
atleastimnotabanker
JalelTounsi
RommelTJ
alejoalejo
kscoleman
mxyz
Yoggy52
Bigsuge88
Art__
TheCryptosAndBloods
negedgeClk
MrCatFace13
Itur_ad_Astra
Bilbo_Bagholder
No-Scratch3795
FreeFactoid
spgrk
crispykfc
ahbartsch
Lazy_Physicist
icevermin
stripedbluewallpaper
datadude92
Upside_Down-Bot
kenzi28
communist_mini_pesto
rgscg
TheRocketman_eth
pembull
zneaking
laninsterJr
Basercist
eetherway
CoinedPrince
HowMuchIsTheDog
TheEthtronaut
TinFoilHeadphones
Tgreent
vestedaf
Hurricane_Trump
DCinvestor
MoMoNosquito
anderspatriksvensson
poriomaniac
crazdave
thanksvitalik
D0CK3R
twobadkidsin412
shiftli
Thin-Intern
monkeyhold99
slowlybecomingsane
matt0x_eth
jayjay16022
Mhotdemnot
gryphon999555
General_Illus
hblask
SmellyMammoths
BeBopNoseRing
steven_a_mma_goat
2Nice4AllThis
iPeculiarly
Driox
nested_dreams
SilkTouchm
setzer
suicidaleggroll
Filibuster69
Destreich
Illustrious-Cancel52
impliedpotential3497
Best_coder_NA
raddlepad
LifelongHODL
Bad_Investment
RickandMowgli
KINGGS
forpostingin10days
dollargoesdown
ProfessionalNoiseX
thevoteaccount
spection
pozsi
jajajinxo
Mrnog
3Months2mars
MickeySweats
ContributionRoutine
Builder_Bob23
Mountainminer
sfcpfc
broccoleet
Distant-Shores
deskdestroyer2022
weedstocks
henkgaming
suburbiton
cobblergobbler17
Liberosist
Kooky-Mouse-9216
Wulkingdead
SendN00dles1
zgtg
KaiserMerkle
Etereve
coolfarmer
AtheoSaint
fiftyfirstsnails
offthewall1066
DarkestChaos
durkalurk
ethrocketeer
imagranny
solarflow
Syentist
akongapalasi
Tricky_Troll
robohack
Atyzze
cryptomoon2020
Fly1n_Hawaiian
TenFootMouse
piisai
jabo52
arthur_fissure
TippyTippyTippyTop
gamma001
manvsrice
skyfire-x
thetjs1
VectorVictorious
Beef_Lamborghinion
iscaacsi
nllfld
poo_gainz
STRTRD
ec265
Kiwi_Global
Tyrion_Panhandler
oaxaca_locker
NoDesinformatziya
KingToasted
plaenar
timmerwb
Crazyassassin10
LoyalMeDavid
BTFDandwin
Lifeofahero
Betterstartliving
Red_Corneas
baggygravy
MoneyisaFunnyword
MaconBacon01
ETHdude8686
eth10kIsFUD
need-a-bencil
chonghe
Dreth
16withScars
slider2990
ubiest
Zamicol
Much-Emu
epic_trader
T0Bii
EyeWild7625
LeagueGreedy
SikhSoldiers
theethmeister
Lustful_lurker69
danieltomby
breakmegently
kers2000
ethacct
suclearnub
bklynview
TheReasonabilists
ObiTwoKenobi
teabagsOnFire
hanniabu
ethlongmusk
AngelBattles
minisculepenis
jtnichol
Psychological_Way362
El_Reconquista
KotMyNetchup
etheraider
___alexa___
lostharbor
0xBOBA
locoluko
Odds-Bodkins
AltsAreTrash
bostonballer
PineWalk1
brtdawg
TMTurbo
vibrating_pyramid
ETH_mom
DegenKoloToure
HarryZKE
ChristophHenry
stripedgreywallpaper
Crypto_Rasta
magnushansson
Laty69
generaljony
VashStamp3de
eclipsor
Fledglingbanana
santamansanta
Unitedterror
fudgedebt
Stobie
Mathje
Notios
Hoentsch
Gotigers811
Lotus1212
0xf3e
stevej11
Jimyxx
volcane2004
Pacificpelago
Hanzburger
panthoreon
nipochi
PhantomFortune
_lotuseater
VApatriot11
Trozza
edgybrahvoh
romborg
sbos_
rsblk
TheFightingTemeraire
hotandsoursoup
Nyruds
hipaces
Datacruncha
Im_a_newb
D0hey
reddetacc
Cin-
SoNotYou
HookedOnHopium
franminervini
middlewaker
lifesmage
NextDiversionPlease
SplinterCole
HeezyMD
DoctorNoisewaterr
msktime
domotheus
Swaggerlilyjohnson
BramBramEth
0xDepositContract
gopster
Set1Less
re76
Juankestein
SabishiiFury
TAKgod123
ecguy1011
Mundunges
biketourthrowaway
Bibilieli
ascendantlogic
blackdowney
skidseverywhere
plupps
djpain20
Coldsnap
austonst
T1_r
iamintheforest
gimmesomefries
Nomadic8893
SeaMonkey82
